item_id,dataset,stratum,test_row,rated_field,sentence1_idx,sentence2_idx,sentence1_len_z,sentence2_len_z,text_idx,text_len_z,query_idx,query_len_z,doc_idx,doc_len_z
PUBMED-001,PubMedRCT,main,186,text,,,,,8686.0,-0.26,,,,
PUBMED-002,PubMedRCT,main,1274,text,,,,,9774.0,-0.16,,,,
PUBMED-003,PubMedRCT,main,791,text,,,,,9291.0,0.31,,,,
PUBMED-004,PubMedRCT,main,1009,text,,,,,9509.0,-0.96,,,,
PUBMED-005,PubMedRCT,main,695,text,,,,,9195.0,0.08,,,,
PUBMED-006,PubMedRCT,main,160,text,,,,,8660.0,-0.37,,,,
PUBMED-007,PubMedRCT,main,547,text,,,,,9047.0,0.54,,,,
PUBMED-008,PubMedRCT,main,995,text,,,,,9495.0,-0.29,,,,
PUBMED-009,PubMedRCT,main,473,text,,,,,8973.0,0.14,,,,
PUBMED-010,PubMedRCT,main,1080,text,,,,,9580.0,-0.26,,,,
PUBMED-011,PubMedRCT,main,1285,text,,,,,9785.0,-0.56,,,,
PUBMED-012,PubMedRCT,main,1061,text,,,,,9561.0,-0.24,,,,
PUBMED-013,PubMedRCT,main,986,text,,,,,9486.0,-0.13,,,,
PUBMED-014,PubMedRCT,main,970,text,,,,,9470.0,-0.53,,,,
PUBMED-015,PubMedRCT,main,927,text,,,,,9427.0,0.34,,,,
PUBMED-016,PubMedRCT,main,956,text,,,,,9456.0,-0.83,,,,
PUBMED-017,PubMedRCT,main,594,text,,,,,9094.0,-1.31,,,,
PUBMED-018,PubMedRCT,main,81,text,,,,,8581.0,-1.04,,,,
PUBMED-019,PubMedRCT,main,1198,text,,,,,9698.0,-0.99,,,,
PUBMED-020,PubMedRCT,main,356,text,,,,,8856.0,0.57,,,,
PUBMED-021,PubMedRCT,outlier,1063,text,,,,,9563.0,2.07,,,,
PUBMED-022,PubMedRCT,outlier,1106,text,,,,,9606.0,-2.28,,,,
PUBMED-023,PubMedRCT,outlier,369,text,,,,,8869.0,2.45,,,,
SCICIT-001,SciCite,main,1085,text,,,,,10195.0,0.4,,,,
SCICIT-002,SciCite,main,589,text,,,,,9699.0,1.08,,,,
SCICIT-003,SciCite,main,1757,text,,,,,10867.0,-0.1,,,,
SCICIT-004,SciCite,main,372,text,,,,,9482.0,0.17,,,,
SCICIT-005,SciCite,main,982,text,,,,,10092.0,-0.52,,,,
SCICIT-006,SciCite,main,1736,text,,,,,10846.0,-0.34,,,,
SCICIT-007,SciCite,main,1111,text,,,,,10221.0,-0.42,,,,
SCICIT-008,SciCite,main,1238,text,,,,,10348.0,1.67,,,,
SCICIT-009,SciCite,main,908,text,,,,,10018.0,-1.48,,,,
SCICIT-010,SciCite,main,1093,text,,,,,10203.0,0.54,,,,
SCICIT-011,SciCite,main,516,text,,,,,9626.0,-0.58,,,,
SCICIT-012,SciCite,main,1817,text,,,,,10927.0,-0.71,,,,
SCICIT-013,SciCite,main,254,text,,,,,9364.0,0.32,,,,
SCICIT-014,SciCite,main,1583,text,,,,,10693.0,-0.48,,,,
SCICIT-015,SciCite,main,48,text,,,,,9158.0,-0.41,,,,
SCICIT-016,SciCite,main,1051,text,,,,,10161.0,0.55,,,,
SCICIT-017,SciCite,main,479,text,,,,,9589.0,0.38,,,,
SCICIT-018,SciCite,main,1691,text,,,,,10801.0,-0.05,,,,
SCICIT-019,SciCite,main,1270,text,,,,,10380.0,-0.56,,,,
SCICIT-020,SciCite,main,628,text,,,,,9738.0,-0.31,,,,
SCICIT-021,SciCite,outlier,1059,text,,,,,10169.0,2.88,,,,
SCICIT-022,SciCite,outlier,278,text,,,,,9388.0,2.08,,,,
SCICIT-023,SciCite,outlier,324,text,,,,,9434.0,-2.47,,,,
APPS-001,Apps,main,1890,query,,,,,,,6890.0,0.68,,
APPS-002,Apps,main,594,query,,,,,,,5594.0,-0.19,,
APPS-003,Apps,main,105,query,,,,,,,5105.0,-0.78,,
APPS-004,Apps,main,57,query,,,,,,,5057.0,-0.47,,
APPS-005,Apps,main,1332,query,,,,,,,6332.0,-1.13,,
APPS-006,Apps,main,1745,query,,,,,,,6745.0,-0.23,,
APPS-007,Apps,main,813,query,,,,,,,5813.0,-0.34,,
APPS-008,Apps,main,1619,query,,,,,,,6619.0,-0.33,,
APPS-009,Apps,main,2368,query,,,,,,,7368.0,-0.26,,
APPS-010,Apps,main,2692,query,,,,,,,7692.0,-0.0,,
APPS-011,Apps,main,2606,query,,,,,,,7606.0,-0.2,,
APPS-012,Apps,main,1503,query,,,,,,,6503.0,-0.43,,
APPS-013,Apps,main,2463,query,,,,,,,7463.0,-0.35,,
APPS-014,Apps,main,2069,query,,,,,,,7069.0,-0.48,,
APPS-015,Apps,main,938,query,,,,,,,5938.0,-0.68,,
APPS-016,Apps,main,3531,query,,,,,,,8531.0,0.35,,
APPS-017,Apps,main,2092,query,,,,,,,7092.0,-0.28,,
APPS-018,Apps,main,3418,query,,,,,,,8418.0,0.53,,
APPS-019,Apps,main,942,query,,,,,,,5942.0,-0.1,,
APPS-020,Apps,main,1600,query,,,,,,,6600.0,-0.42,,
APPS-021,Apps,outlier,247,query,,,,,,,5247.0,-4.0,,
APPS-022,Apps,outlier,3691,query,,,,,,,8691.0,-5.91,,
APPS-023,Apps,outlier,2007,query,,,,,,,7007.0,-2.43,,
CODESE-001,CodeSearchNet,main,1557,doc,,,,,,,,,13557.0,0.64
CODESE-002,CodeSearchNet,main,2377,doc,,,,,,,,,17377.0,0.07
CODESE-003,CodeSearchNet,main,84,doc,,,,,,,,,3084.0,-0.78
CODESE-004,CodeSearchNet,main,451,doc,,,,,,,,,3451.0,-0.2
CODESE-005,CodeSearchNet,main,2515,doc,,,,,,,,,20515.0,-0.28
CODESE-006,CodeSearchNet,main,2944,doc,,,,,,,,,20944.0,0.12
CODESE-007,CodeSearchNet,main,1023,doc,,,,,,,,,10023.0,-0.04
CODESE-008,CodeSearchNet,main,2018,doc,,,,,,,,,17018.0,-0.31
CODESE-009,CodeSearchNet,main,1300,doc,,,,,,,,,10300.0,-0.94
CODESE-010,CodeSearchNet,main,2890,doc,,,,,,,,,20890.0,0.18
CODESE-011,CodeSearchNet,main,2853,doc,,,,,,,,,20853.0,0.67
CODESE-012,CodeSearchNet,main,1650,doc,,,,,,,,,13650.0,-0.06
CODESE-013,CodeSearchNet,main,1534,doc,,,,,,,,,13534.0,0.02
CODESE-014,CodeSearchNet,main,2095,doc,,,,,,,,,17095.0,-0.29
CODESE-015,CodeSearchNet,main,0,doc,,,,,,,,,3000.0,-0.66
CODESE-016,CodeSearchNet,main,623,doc,,,,,,,,,6623.0,-0.6
CODESE-017,CodeSearchNet,main,1223,doc,,,,,,,,,10223.0,0.14
CODESE-018,CodeSearchNet,main,89,doc,,,,,,,,,3089.0,-0.59
CODESE-019,CodeSearchNet,main,396,doc,,,,,,,,,3396.0,0.52
CODESE-020,CodeSearchNet,main,2837,doc,,,,,,,,,20837.0,-0.94
CODESE-021,CodeSearchNet,outlier,1984,doc,,,,,,,,,13984.0,2.11
CODESE-022,CodeSearchNet,outlier,1459,doc,,,,,,,,,10459.0,2.07
CODESE-023,CodeSearchNet,outlier,1055,doc,,,,,,,,,10055.0,5.63
COSQA-001,CosQA,main,264,query,,,,,,,20368.0,0.09,,
COSQA-002,CosQA,main,377,query,,,,,,,20481.0,0.03,,
COSQA-003,CosQA,main,68,query,,,,,,,20172.0,-0.17,,
COSQA-004,CosQA,main,30,query,,,,,,,20134.0,0.18,,
COSQA-005,CosQA,main,312,query,,,,,,,20416.0,0.03,,
COSQA-006,CosQA,main,282,query,,,,,,,20386.0,-0.06,,
COSQA-007,CosQA,main,323,query,,,,,,,20427.0,-0.09,,
COSQA-008,CosQA,main,13,query,,,,,,,20117.0,-0.12,,
COSQA-009,CosQA,main,154,query,,,,,,,20258.0,0.06,,
COSQA-010,CosQA,main,340,query,,,,,,,20444.0,-0.01,,
COSQA-011,CosQA,main,178,query,,,,,,,20282.0,-0.23,,
COSQA-012,CosQA,main,408,query,,,,,,,20512.0,-0.06,,
COSQA-013,CosQA,main,37,query,,,,,,,20141.0,-0.11,,
COSQA-014,CosQA,main,345,query,,,,,,,20449.0,-0.5,,
COSQA-015,CosQA,main,20,query,,,,,,,20124.0,-0.12,,
COSQA-016,CosQA,main,257,query,,,,,,,20361.0,-0.0,,
COSQA-017,CosQA,main,45,query,,,,,,,20149.0,0.02,,
COSQA-018,CosQA,main,111,query,,,,,,,20215.0,-0.33,,
COSQA-019,CosQA,main,303,query,,,,,,,20407.0,-0.26,,
COSQA-020,CosQA,main,343,query,,,,,,,20447.0,-0.02,,
COSQA-021,CosQA,outlier,447,query,,,,,,,20551.0,15.86,,
COSQA-022,CosQA,outlier,163,query,,,,,,,20267.0,18.15,,
STACKO-001,StackOverflowQA,main,212,question,,,,,,,18149.0,-0.03,18149.0,-0.37
STACKO-002,StackOverflowQA,main,162,question,,,,,,,18099.0,-0.15,18099.0,-0.34
STACKO-003,StackOverflowQA,main,1551,question,,,,,,,19488.0,-0.05,19488.0,-0.29
STACKO-004,StackOverflowQA,main,1954,question,,,,,,,19891.0,0.1,19891.0,0.27
STACKO-005,StackOverflowQA,main,1893,question,,,,,,,19830.0,0.15,19830.0,-0.36
STACKO-006,StackOverflowQA,main,1835,question,,,,,,,19772.0,-0.18,19772.0,-0.22
STACKO-007,StackOverflowQA,main,1080,question,,,,,,,19017.0,-0.05,19017.0,-0.4
STACKO-008,StackOverflowQA,main,1211,question,,,,,,,19148.0,-0.1,19148.0,-0.73
STACKO-009,StackOverflowQA,main,116,question,,,,,,,18053.0,-0.01,18053.0,-0.1
STACKO-010,StackOverflowQA,main,1030,question,,,,,,,18967.0,-0.0,18967.0,0.23
STACKO-011,StackOverflowQA,main,613,answer,,,,,,,18550.0,-0.01,18550.0,-0.12
STACKO-012,StackOverflowQA,main,1975,answer,,,,,,,19912.0,-0.05,19912.0,0.04
STACKO-013,StackOverflowQA,main,22,answer,,,,,,,17959.0,0.07,17959.0,-0.35
STACKO-014,StackOverflowQA,main,739,answer,,,,,,,18676.0,0.03,18676.0,-0.21
STACKO-015,StackOverflowQA,main,1587,answer,,,,,,,19524.0,-0.05,19524.0,0.78
STACKO-016,StackOverflowQA,main,1026,answer,,,,,,,18963.0,-0.01,18963.0,0.23
STACKO-017,StackOverflowQA,main,800,answer,,,,,,,18737.0,-0.03,18737.0,0.36
STACKO-018,StackOverflowQA,main,229,answer,,,,,,,18166.0,0.02,18166.0,0.23
STACKO-019,StackOverflowQA,main,951,answer,,,,,,,18888.0,-0.03,18888.0,0.52
STACKO-020,StackOverflowQA,main,1545,answer,,,,,,,19482.0,-0.05,19482.0,0.5
STACKO-021,StackOverflowQA,outlier,1581,answer,,,,,,,19518.0,0.02,19518.0,-2.11
STACKO-022,StackOverflowQA,outlier,1260,answer,,,,,,,19197.0,-0.01,19197.0,-5.83
STACKO-023,StackOverflowQA,outlier,1095,answer,,,,,,,19032.0,-0.02,19032.0,-3.54
