dataset,split,model,n,n_over,pct_over,pct_answer_lost,median,p95,max
XQuAD-TR,train,TabiBERT,833,12,1.441,0.0,168,342,591
XQuAD-TR,validation,TabiBERT,178,3,1.685,0.562,175,343,589
XQuAD-TR,test,TabiBERT,179,1,0.559,0.0,163,321,565
XQuAD-TR,all,TabiBERT,1190,16,1.345,0.084,170,342,591
TQuad-2,train,TabiBERT,11803,1554,13.166,3.118,233,778,2485
TQuad-2,validation,TabiBERT,2418,338,13.978,3.598,241,860,2478
TQuad-2,test,TabiBERT,2520,273,10.833,4.008,186,1006,2800
TQuad-2,all,TabiBERT,16741,2165,12.932,3.321,224,845,2800
XQuAD-TR,train,BERTurk,833,12,1.441,0.0,165,332,611
XQuAD-TR,validation,BERTurk,178,3,1.685,0.562,176,335,607
XQuAD-TR,test,BERTurk,179,1,0.559,0.0,165,297,570
XQuAD-TR,all,BERTurk,1190,16,1.345,0.084,166,332,611
TQuad-2,train,BERTurk,11803,1414,11.98,2.881,221,738,2452
TQuad-2,validation,BERTurk,2418,318,13.151,3.433,228,765,2442
TQuad-2,test,BERTurk,2520,274,10.873,3.929,178,956,2698
TQuad-2,all,BERTurk,16741,2006,11.983,3.118,214,746,2698
XQuAD-TR,train,TurkishBERTweet,833,14,1.681,0.0,164,314,594
XQuAD-TR,validation,TurkishBERTweet,178,4,2.247,0.562,169,321,590
XQuAD-TR,test,TurkishBERTweet,179,1,0.559,0.0,158,282,580
XQuAD-TR,all,TurkishBERTweet,1190,19,1.597,0.084,164,313,594
TQuad-2,train,TurkishBERTweet,11803,1307,11.073,2.694,218,750,2327
TQuad-2,validation,TurkishBERTweet,2418,293,12.117,3.019,223,772,2316
TQuad-2,test,TurkishBERTweet,2520,276,10.952,3.81,174,914,2643
TQuad-2,all,TurkishBERTweet,16741,1876,11.206,2.909,212,758,2643
XQuAD-TR,train,YTU-Cosmos-BERT,833,12,1.441,0.0,160,317,602
XQuAD-TR,validation,YTU-Cosmos-BERT,178,3,1.685,0.562,168,322,598
XQuAD-TR,test,YTU-Cosmos-BERT,179,1,0.559,0.0,158,288,549
XQuAD-TR,all,YTU-Cosmos-BERT,1190,16,1.345,0.084,160,317,602
TQuad-2,train,YTU-Cosmos-BERT,11803,1336,11.319,2.652,216,706,2371
TQuad-2,validation,YTU-Cosmos-BERT,2418,289,11.952,2.854,222,732,2361
TQuad-2,test,YTU-Cosmos-BERT,2520,273,10.833,3.73,171,941,2635
TQuad-2,all,YTU-Cosmos-BERT,16741,1898,11.337,2.843,208,723,2635
XQuAD-TR,train,mmBERT,833,24,2.881,0.36,229,435,939
XQuAD-TR,validation,mmBERT,178,6,3.371,0.562,234,455,927
XQuAD-TR,test,mmBERT,179,4,2.235,0.559,227,378,861
XQuAD-TR,all,mmBERT,1190,34,2.857,0.42,229,440,939
TQuad-2,train,mmBERT,11803,2870,24.316,6.837,319,1076,3355
TQuad-2,validation,mmBERT,2418,613,25.352,7.734,326,1135,3342
TQuad-2,test,mmBERT,2520,377,14.96,6.032,249,1375,3308
TQuad-2,all,mmBERT,16741,3860,23.057,6.845,303,1097,3355
